Date,Median_Predicted_Close,Lower_90,Upper_90,Generated_From_Date
2026-09-22,87.08845688861413,85.74876985511152,88.48680202314684,2026-09-21
2026-09-23,86.72509339467219,84.6522575177391,88.73910029263911,2026-09-21
2026-09-24,86.47445081068253,83.7314062852021,88.95697169791487,2026-09-21
2026-09-25,86.43850531331964,83.67231502665896,89.11905328544879,2026-09-21
2026-09-28,86.13659481127576,83.57986015295793,89.91673679718065,2026-09-21
2026-09-29,85.98516005808116,83.14881815530407,90.22220879881849,2026-09-21
2026-09-30,85.9930958366785,83.00574921861387,90.26477106577278,2026-09-21
2026-10-01,85.65729579614606,82.81476380041728,90.46020300849958,2026-09-21
2026-10-02,85.70223636443052,82.60053455597098,90.8888231449482,2026-09-21
2026-10-05,85.6301753077392,82.46290473539499,90.9600953729341,2026-09-21
2026-10-06,85.72583592993917,82.20362529077975,91.14744757692274,2026-09-21
2026-10-07,85.44191956973853,81.34366665897417,90.89484033827115,2026-09-21
2026-10-08,85.18351964984606,81.03409494204702,91.07637777297172,2026-09-21
2026-10-09,85.17325366817612,80.92249100310922,90.96078570540521,2026-09-21
2026-10-12,85.0410652608065,80.91467392643162,91.15810294565584,2026-09-21
2026-10-13,85.07958755770892,80.7948737896256,91.42662541859664,2026-09-21
2026-10-14,84.86771039177228,80.25196348315492,91.37870363321026,2026-09-21
2026-10-15,84.87435016397481,80.10040274072355,91.7698953958513,2026-09-21
2026-10-16,84.94580985764452,80.23444028308816,91.84157582023022,2026-09-21
2026-10-19,84.85488271187342,79.42657172300211,92.23480944278865,2026-09-21
2026-10-20,84.6862749766423,79.42259823337557,92.26223356615837,2026-09-21
2026-10-21,84.69169510904887,79.6416056058623,92.4613359648802,2026-09-21
2026-10-22,84.73955789489791,79.55054758357593,92.33953981632581,2026-09-21
2026-10-23,84.4156078605255,79.03253055025765,92.2091253685442,2026-09-21
2026-10-26,84.4096680862842,78.63346843824253,91.76492166581421,2026-09-21
2026-10-27,84.31131986806292,78.23802910941846,91.6436342337982,2026-09-21
2026-10-28,84.04611938693436,78.03746366412894,92.21362651122429,2026-09-21
2026-10-29,84.03867742389392,77.38534482916516,92.7743557059614,2026-09-21
2026-10-30,83.95914064508656,77.34244676431358,92.43754020861181,2026-09-21
2026-11-02,84.08130234775078,76.34878849065673,92.01609637480648,2026-09-21
2026-11-03,83.91029175609958,76.41730683869007,91.94115187152046,2026-09-21
2026-11-04,83.64762666731355,76.73461660939446,91.60691328438246,2026-09-21
2026-11-05,83.60806928654566,76.77031305675179,91.58642004957352,2026-09-21
2026-11-06,83.55081885185292,76.90084943109844,90.96076140281711,2026-09-21
2026-11-09,83.25499800438504,76.67259550549275,90.75708521017373,2026-09-21
2026-11-10,83.08057360603587,76.10753932186948,91.3044716625046,2026-09-21
2026-11-11,83.27730083050034,75.86835976977979,91.01489800837705,2026-09-21
2026-11-12,83.08412800372199,75.70136709450645,90.98516241427265,2026-09-21
2026-11-13,82.96189697212958,76.14012559326979,91.01705969104485,2026-09-21
2026-11-16,82.92345704319453,75.74524971581513,90.95003194980927,2026-09-21
2026-11-17,82.65340809477178,75.36451115322225,91.03922771233283,2026-09-21
2026-11-18,82.60708550814442,74.96338196289997,91.0702161044409,2026-09-21
2026-11-19,82.52053147558303,74.96313066641815,90.9534477216313,2026-09-21
2026-11-20,82.64205428218764,75.2472280118695,90.77764084325565,2026-09-21
2026-11-23,82.58128197742204,74.49944032040511,90.56184237091968,2026-09-21
2026-11-24,82.53856422902204,74.82033699328707,90.57883157691205,2026-09-21
2026-11-25,82.6919428044084,74.47306228643924,91.28358111441797,2026-09-21
2026-11-26,82.85870380159375,74.59885892063555,91.42243136140895,2026-09-21
2026-11-27,82.49199592712787,74.19977120473622,91.5093521767691,2026-09-21
2026-11-30,82.27797795818967,73.70886052580504,91.27730141523719,2026-09-21
2026-12-01,81.97571842776232,74.12792138928182,91.21917711634327,2026-09-21
2026-12-02,82.07220034488002,73.98460528108443,91.2433679213692,2026-09-21
2026-12-03,81.92162888290355,74.17996792259706,91.9777467858737,2026-09-21
2026-12-04,81.90011345738364,73.61693111926652,91.61654281114849,2026-09-21
2026-12-07,82.27671661875927,73.51347547631538,91.55378601196412,2026-09-21
2026-12-08,82.0403766870999,74.11412431794908,91.76312218971253,2026-09-21
2026-12-09,82.01080851275097,73.63889418032862,91.64961497851934,2026-09-21
2026-12-10,81.91745659636368,73.5451131770651,91.6655166827737,2026-09-21
2026-12-11,81.84766303295933,73.21814331849325,91.43052680813908,2026-09-21
2026-12-14,81.73401585025478,73.20772592527634,91.14385467924787,2026-09-21
2026-12-15,81.48026529543685,73.57334645660784,91.78945128695884,2026-09-21
2026-12-16,81.39701629384625,73.91063988855804,92.22562830302888,2026-09-21
2026-12-17,81.31464286250119,73.63779113207377,92.21237715184346,2026-09-21
